{"0": {"loss": 0.34477589544146997, "acc": 0.578205052403524, "auc": 0.578205052403524, "aupr": 0.5718574235793666, "f1_01": 0.6666666666666666, "precision_08": 0.6981132075471698, "recall_01": 1.0}, "1": {"loss": 0.326402458212541, "acc": 0.6610566937182237, "auc": 0.6610566937182237, "aupr": 0.6308922616350239, "f1_03": 0.683838295643063, "precision_08": 0.7421875, "recall_01": 0.9996421755725191}, "2": {"loss": 0.3192908338720747, "acc": 0.6883924199834471, "auc": 0.6883924199834471, "aupr": 0.6542331348273084, "f1_03": 0.6941514860977948, "precision_08": 0.72782874617737, "recall_01": 0.9995229007633588}, "3": {"loss": 0.3102783095384841, "acc": 0.7143467621441786, "auc": 0.7143467621441786, "aupr": 0.6891783979020423, "f1_03": 0.7039534454092, "precision_09": 1.0, "recall_01": 0.9998807251908397}, "4": {"loss": 0.3067315612139379, "acc": 0.7233667417559255, "auc": 0.7233667417559255, "aupr": 0.7010234620674086, "f1_03": 0.7064543013241966, "precision_08": 0.8046387154326494, "recall_01": 0.9996421755725191}, "5": {"loss": 0.30382022958956234, "acc": 0.7311176197573713, "auc": 0.7311176197573713, "aupr": 0.7129931378792564, "f1_04": 0.7063181933519411, "precision_09": 0.875, "recall_01": 0.9997614503816794}, "6": {"loss": 0.30124175539044734, "acc": 0.73658788630015, "auc": 0.73658788630015, "aupr": 0.7208797619018827, "f1_03": 0.7124057509483446, "precision_09": 0.85, "recall_01": 1.0}, "7": {"loss": 0.30023847881994276, "acc": 0.7398010221896669, "auc": 0.7398010221896669, "aupr": 0.7254857802730281, "f1_03": 0.712626381377851, "precision_08": 0.8482758620689655, "recall_01": 0.9998807251908397}, "8": {"loss": 0.29769765957567895, "acc": 0.744845796052368, "auc": 0.744845796052368, "aupr": 0.7358754300535224, "f1_03": 0.714782772239985, "precision_09": 0.9120370370370371, "recall_01": 1.0}, "9": {"loss": 0.29710910620500214, "acc": 0.7468830991351212, "auc": 0.7468830991351212, "aupr": 0.7342666207902898, "f1_04": 0.7148800657455442, "precision_09": 0.8556701030927835, "recall_01": 1.0}, "10": {"loss": 0.29479704791047245, "acc": 0.7512471643779864, "auc": 0.7512471643779864, "aupr": 0.7400565403415567, "f1_03": 0.7176997048462345, "precision_09": 0.8641975308641975, "recall_01": 1.0}, "11": {"loss": 0.2942315222498186, "acc": 0.7537040846045358, "auc": 0.7537040846045358, "aupr": 0.7435578164356629, "f1_03": 0.7165373077472501, "precision_09": 0.8661417322834646, "recall_01": 1.0}, "12": {"loss": 0.2921901175846481, "acc": 0.7577056520212073, "auc": 0.7577056520212073, "aupr": 0.7497696354240898, "f1_04": 0.7185073226663887, "precision_09": 0.8869346733668342, "recall_01": 1.0}, "13": {"loss": 0.2899343982580623, "acc": 0.7624202932999424, "auc": 0.7624202932999424, "aupr": 0.7558305615386469, "f1_03": 0.7213271960107402, "precision_09": 0.8969072164948454, "recall_01": 1.0}, "14": {"loss": 0.2923124327794435, "acc": 0.7576724474166533, "auc": 0.7576724474166533, "aupr": 0.7506765247799743, "f1_04": 0.717284080176304, "precision_09": 0.8905472636815921, "recall_01": 0.9998807251908397}, "15": {"loss": 0.2917840801031002, "acc": 0.7596685079335959, "auc": 0.7596685079335959, "aupr": 0.7541478634696588, "f1_04": 0.7199616531742651, "precision_09": 0.9031531531531531, "recall_01": 0.9998807251908397}, "16": {"loss": 0.29390496443886, "acc": 0.7552572392297578, "auc": 0.7552572392297578, "aupr": 0.7433499072201323, "f1_04": 0.7182501853617201, "precision_08": 0.860180754917597, "recall_01": 0.9998807251908397}, "17": {"loss": 0.2887512600904274, "acc": 0.7659986940660327, "auc": 0.7659986940660327, "aupr": 0.7617084723533022, "f1_04": 0.7234854507870885, "precision_09": 0.9102040816326531, "recall_01": 1.0}, "18": {"loss": 0.28612089339325575, "acc": 0.7702597382532523, "auc": 0.7702597382532523, "aupr": 0.7682981045828134, "f1_04": 0.7264636500107226, "precision_09": 0.9192229038854806, "recall_01": 1.0}, "19": {"loss": 0.28500411068782466, "acc": 0.77200815131785, "auc": 0.77200815131785, "aupr": 0.7690933444167408, "f1_04": 0.7321418987817312, "precision_09": 0.9092896174863389, "recall_01": 1.0}, "20": {"loss": 0.2856503814162921, "acc": 0.7722936269807812, "auc": 0.7722936269807812, "aupr": 0.7671219198146774, "f1_04": 0.7306709265175719, "precision_09": 0.9, "recall_01": 1.0}, "21": {"loss": 0.2858334971686918, "acc": 0.7714912321634083, "auc": 0.7714912321634083, "aupr": 0.7692707962097595, "f1_04": 0.7263643768666849, "precision_09": 0.918774966711052, "recall_01": 1.0}, "22": {"loss": 0.28326131785128494, "acc": 0.7763532811157019, "auc": 0.7763532811157019, "aupr": 0.7721700971632423, "f1_04": 0.7294322763430314, "precision_09": 0.9004366812227074, "recall_01": 1.0}, "23": {"loss": 0.2814569361490119, "acc": 0.7797187612673722, "auc": 0.7797187612673722, "aupr": 0.7777020138905013, "f1_04": 0.7316416141371693, "precision_08": 0.8851865266207896, "recall_01": 1.0}, "24": {"loss": 0.2843105927134601, "acc": 0.7739494256599265, "auc": 0.7739494256599265, "aupr": 0.7763072684423953, "f1_04": 0.7255284552845529, "precision_09": 0.922633744855967, "recall_01": 1.0}, "25": {"loss": 0.2784357370081347, "acc": 0.7859558422007932, "auc": 0.7859558422007932, "aupr": 0.7860832993571008, "f1_04": 0.733811362382791, "precision_09": 0.9274255156608098, "recall_01": 1.0}, "26": {"loss": 0.2776143011574381, "acc": 0.788526375097423, "auc": 0.788526375097423, "aupr": 0.7878681926087343, "f1_04": 0.7339299356106078, "precision_09": 0.9148618371919343, "recall_01": 0.9998807251908397}, "27": {"loss": 0.27901199265878174, "acc": 0.7854156414116675, "auc": 0.7854156414116675, "aupr": 0.7852432561087224, "f1_04": 0.7335928208454967, "precision_09": 0.9393346379647749, "recall_01": 1.0}, "28": {"loss": 0.29132897243879463, "acc": 0.7618062499658564, "auc": 0.7618062499658564, "aupr": 0.7426771078487021, "f1_03": 0.7244582043343653, "precision_09": 0.9230769230769231, "recall_01": 1.0}, "29": {"loss": 0.2993612844520959, "acc": 0.7399929800856593, "auc": 0.7399929800856593, "aupr": 0.7146997997864426, "f1_04": 0.725651790804955, "precision_09": 0.975609756097561, "recall_01": 1.0}, "30": {"loss": 0.33594923634490864, "acc": 0.5732036479654086, "auc": 0.5732036479654086, "aupr": 0.542491690230427, "f1_04": 0.6868730172339877, "precision_05": 0.5400579528545697, "recall_01": 1.0}, "31": {"loss": 0.3445436207591805, "acc": 0.5169391568727785, "auc": 0.5169391568727785, "aupr": 0.5095452064294393, "f1_03": 0.6718680519060517, "precision_05": 0.5085921012963521, "recall_01": 1.0}, "32": {"loss": 0.34108694873746653, "acc": 0.5455417085114868, "auc": 0.5455417085114868, "aupr": 0.5353166990522787, "f1_04": 0.6766091051805339, "precision_06": 0.6139705882352942, "recall_01": 0.9998807251908397}, "33": {"loss": 0.3217818424663727, "acc": 0.6493910369419578, "auc": 0.6493910369419578, "aupr": 0.6075482872644739, "f1_04": 0.7061077620449554, "precision_07": 0.7276995305164319, "recall_01": 1.0}, "34": {"loss": 0.30733893616373814, "acc": 0.7192884793850337, "auc": 0.7192884793850337, "aupr": 0.6876629726329698, "f1_03": 0.7111468889099346, "precision_08": 0.8125, "recall_01": 1.0}, "35": {"loss": 0.30295779684981516, "acc": 0.7345091059146647, "auc": 0.7345091059146647, "aupr": 0.7093003739885365, "f1_04": 0.7105235765587592, "precision_08": 0.8148148148148148, "recall_01": 1.0}, "36": {"loss": 0.309690605413581, "acc": 0.7157494930820612, "auc": 0.7157494930820612, "aupr": 0.7025530110181825, "f1_03": 0.6961436776369769, "precision_09": 1.0, "recall_01": 1.0}, "37": {"loss": 0.3061569277054936, "acc": 0.7259090991087167, "auc": 0.7259090991087167, "aupr": 0.7121279379105306, "f1_03": 0.6986615328199487, "precision_08": 0.8424242424242424, "recall_01": 1.0}, "38": {"loss": 0.3019459415751488, "acc": 0.7369402904387128, "auc": 0.7369402904387128, "aupr": 0.7211874874841536, "f1_04": 0.707414934083685, "precision_09": 0.8333333333333334, "recall_01": 1.0}, "39": {"loss": 0.31904552308558165, "acc": 0.6822056083174604, "auc": 0.6822056083174604, "aupr": 0.6589136963738629,